<Actor type="Teapot" resource="actors\remote_teapot.xml">

	<TransformComponent>
		<Position x="0" y="5" z="0"/>
		<YawPitchRoll x="0" y="0" z="0"/>
	</TransformComponent>
		
    <PhysicsComponent>
        <Shape>Box</Shape>
        <Density>glass</Density>
        <PhysicsMaterial>Normal</PhysicsMaterial>

    </PhysicsComponent>

    <TeapotRenderComponent>
        <Color r="0" g="1.0" b="0" a="1.0"/>
    </TeapotRenderComponent>

 <!--  [rez] TODO: Figure out how network players work.  Maybe they don't need a type?
    <BaseScriptComponent>
        <ScriptObject constructor="AddEnemy" destructor="RemoveEnemy" />
        <ScriptData actorType="Teapot" />
    </BaseScriptComponent>
-->

</Actor>